{
    "baseUrl": "https://www.jcpenney.com/",
    "apiUrl": "http://jsonplaceholder.typicode.com",
    "waitForAnimation" : true,
    "pageLoadTimeout": 60000,
    "chromeWebSecurity": false,
    "defaultCommandTimeout": 10000,
    "screenshotOnRunFailure": true,
    "video": true,
    "viewportWidth": 1280,
    "viewportHeight": 720,
    "projectId":"test",
    "retries" : {
        "runMode" : 0,
        "openMode" :0

    },
    "reporter": "cypress-multi-reporters",
    "reporterOptions": {
        "configFile": "reporter-config.json"
      }
}
